PDB,mutated_pdb,mutated_conflicts,conflicted_pdb,all_conflicts
2B97,False,,False,
1R2M,False,,False,
2PL7,False,,False,
3QQT,False,,False,
2PL6,False,,False,
2GVM,False,,False,
2FZ6,False,,False,
4BWH,False,,True,EXPRESSIONTAG
4AOG,False,,True,CLONINGARTIFACT
1ZVC,False,,True,CLONINGARTIFACT
2BRJ,False,,False,
2Q4I,False,,True,"EXPRESSIONTAG, MODIFIEDRESIDUE"
2DIO,False,,True,"INITIATINGMETHIONINE, CLONINGARTIFACT, EXPRESSIONTAG, MODIFIEDRESIDUE"
2GIN,False,,True,"INITIATINGMETHIONINE, CLONINGARTIFACT, EXPRESSIONTAG"
1Z8K,False,,True,"CLONINGARTIFACT, MODIFIEDRESIDUE"
4H6C,False,,True,EXPRESSIONTAG
4H6B,False,,True,EXPRESSIONTAG
4CQ7,False,,True,EXPRESSIONTAG
4CQ6,False,,True,EXPRESSIONTAG
2OOJ,False,,True,"LEADERSEQUENCE, MODIFIEDRESIDUE"
2Q03,False,,True,"LEADERSEQUENCE, MODIFIEDRESIDUE"
2F9H,False,,True,"CLONINGARTIFACT, MODIFIEDRESIDUE"
2ICH,False,,True,"LEADERSEQUENCE, MODIFIEDRESIDUE"
1S2P,True,CONFLICT,True,CONFLICT
1I4U,True,CONFLICT,True,CONFLICT
1H91,False,,False,
1S44,False,,False,
1OBQ,True,CONFLICT,True,CONFLICT
1OBU,True,CONFLICT,True,CONFLICT
1GKA,False,,False,
1E5P,True,CONFLICT,True,"CONFLICT, MODIFIEDRESIDUE"
4GNY,False,,False,
4KII,False,,True,SEEREMARK999
1BEB,False,,True,VARIANT
1QG5,False,,False,
3UEV,False,,False,
1B8E,False,,False,
3QZK,False,,False,
3NQ9,False,,False,
3NQ3,False,,False,
3UEU,False,,False,
2Q2M,False,,True,VARIANT
3QZJ,False,,False,
4DQ4,False,,False,
4DQ3,False,,False,
3NPO,False,,False,
1UZ2,True,ENGINEEREDMUTATION,True,"SEEREMARK999, ENGINEEREDMUTATION"
1BSO,True,CONFLICT,True,CONFLICT
4IBA,False,,False,
1BSY,False,,True,SEEREMARK999
1BSQ,False,,False,
5EEE,False,,False,
4IB9,False,,False,
4Y0Q,False,,False,
3UEW,False,,False,
3BLG,False,,True,SEEREMARK999
2GJ5,False,,False,
2BLG,False,,True,SEEREMARK999
3UEX,False,,False,
4LZV,False,,False,
1GX8,False,,False,
1GX9,False,,False,
1GXA,False,,False,
1B0O,False,,False,
4IB6,False,,True,VARIANT
2Q39,False,,True,VARIANT
4Y0P,False,,False,
3PH5,False,,False,
4IB7,False,,True,VARIANT
2Q2P,False,,True,VARIANT
4Y0R,False,,False,
4IB8,False,,True,VARIANT
4LZU,False,,False,
2R56,False,,False,
5HTE,True,ENGINEEREDMUTATION,True,ENGINEEREDMUTATION
3PH6,False,,False,
5HTD,True,ENGINEEREDMUTATION,True,ENGINEEREDMUTATION
5K06,False,,True,INITIATINGMETHIONINE
5LKF,False,,False,
2AKQ,False,,True,SEEREMARK999
5LKE,False,,False,
5IO5,False,,False,
5IO6,False,,False,
5IO7,False,,False,
1MFH,False,,True,SEEREMARK999
1DV9,False,,True,SEEREMARK999
1CJ5,True,"INSERTION, CONFLICT",True,"INSERTION, CONFLICT"
4TLJ,False,,False,
4Y0S,False,,False,
1EXS,False,,False,
1YUP,False,,False,
1LKE,True,ENGINEERED,True,"ENGINEERED, SEEREMARK999"
1KXO,True,ENGINEERED,True,"ENGINEERED, SEEREMARK999"
1LNM,True,ENGINEERED,True,"ENGINEERED, SEEREMARK999"
1BBP,False,,False,
1N0S,False,,True,SEEREMARK999
1T0V,False,,True,SEEREMARK999
1LF7,True,ENGINEERED,True,ENGINEERED
1IW2,True,ENGINEERED,True,ENGINEERED
1QFT,True,INSERTION,True,INSERTION
1QFV,True,INSERTION,True,INSERTION
2JOZ,False,,True,"INITIATINGMETHIONINE, CLONINGARTIFACT, EXPRESSIONTAG"
1Z24,False,,False,
4WFV,False,,False,
1BJ7,False,,False,
4WFU,False,,False,
1EW3,False,,False,
1JZU,True,ENGINEERED,True,ENGINEERED
2LBV,False,,True,EXPRESSIONTAG
2KT4,False,,True,INITIATINGMETHIONINE
1ZND,False,,True,"CLONINGARTIFACT, EXPRESSIONTAG"
1ZNG,False,,True,"CLONINGARTIFACT, EXPRESSIONTAG"
1ZNK,False,,True,"CLONINGARTIFACT, EXPRESSIONTAG"
1QY1,False,,True,"CLONINGARTIFACT, EXPRESSIONTAG"
1ZNL,False,,True,"CLONINGARTIFACT, EXPRESSIONTAG"
1QY2,False,,True,"CLONINGARTIFACT, EXPRESSIONTAG"
2DM5,False,,True,EXPRESSIONTAG
1QY0,False,,True,"CLONINGARTIFACT, EXPRESSIONTAG"
1YP6,True,ENGINEERED,True,"EXPRESSIONTAG, ENGINEERED"
1JV4,False,,True,SEEREMARK999
1ZNE,False,,True,"CLONINGARTIFACT, EXPRESSIONTAG"
1I05,False,,False,
1YP7,True,ENGINEERED,True,"EXPRESSIONTAG, ENGINEERED"
1I06,False,,False,
1ZNH,False,,True,"CLONINGARTIFACT, EXPRESSIONTAG"
1I04,False,,False,
2OZQ,False,,True,EXPRESSIONTAG
1MUP,False,,False,
1DF3,True,CONFLICT,True,CONFLICT
2A2G,False,,False,
2A2U,False,,False,
4IAX,True,ENGINEEREDMUTATION,True,"ENGINEEREDMUTATION, EXPRESSIONTAG"
3TF6,True,ENGINEEREDMUTATION,True,"EXPRESSIONTAG, ENGINEEREDMUTATION"
3PED,True,ENGINEEREDMUTATION,True,ENGINEEREDMUTATION
3HWG,True,ENGINEERED,True,ENGINEERED
3PEC,True,ENGINEEREDMUTATION,True,ENGINEEREDMUTATION
3FW4,True,ENGINEERED,True,ENGINEERED
5MHH,True,ENGINEEREDMUTATION,True,"ENGINEEREDMUTATION, EXPRESSIONTAG"
3FW5,True,ENGINEERED,True,ENGINEERED
4ZHH,True,ENGINEEREDMUTATION,True,"EXPRESSIONTAG, ENGINEEREDMUTATION"
4ZHC,True,ENGINEEREDMUTATION,True,"EXPRESSIONTAG, ENGINEEREDMUTATION"
4ZHG,True,ENGINEEREDMUTATION,True,"EXPRESSIONTAG, ENGINEEREDMUTATION"
4ZHD,True,ENGINEEREDMUTATION,True,"EXPRESSIONTAG, ENGINEEREDMUTATION"
1L6M,True,ENGINEERED,True,"CLONINGARTIFACT, ENGINEERED"
1QQS,False,,False,
1X71,True,ENGINEERED,True,ENGINEERED
1X89,True,ENGINEERED,True,ENGINEERED
5KID,True,CONFLICT,True,"EXPRESSIONTAG, CONFLICT"
3CBC,True,ENGINEERED,True,ENGINEERED
3U03,True,ENGINEEREDMUTATION,True,ENGINEEREDMUTATION
3BY0,True,ENGINEERED,True,ENGINEERED
3DTQ,True,ENGINEERED,True,"ENGINEERED, EXPRESSIONTAG"
1X8U,True,ENGINEERED,True,ENGINEERED
3T1D,True,ENGINEEREDMUTATION,True,"ENGINEEREDMUTATION, SEEREMARK999"
3I0A,True,ENGINEERED,True,ENGINEERED
3HWE,True,ENGINEERED,True,ENGINEERED
4IAW,True,ENGINEEREDMUTATION,True,"ENGINEEREDMUTATION, EXPRESSIONTAG"
3CMP,True,ENGINEERED,True,ENGINEERED
4ZHF,True,ENGINEEREDMUTATION,True,"EXPRESSIONTAG, ENGINEEREDMUTATION"
3K3L,True,ENGINEERED,True,ENGINEERED
4ZFX,True,ENGINEEREDMUTATION,True,"EXPRESSIONTAG, ENGINEEREDMUTATION"
3U0D,True,ENGINEEREDMUTATION,True,ENGINEEREDMUTATION
1DFV,False,,False,
4GH7,True,ENGINEEREDMUTATION,True,"ENGINEEREDMUTATION, EXPRESSIONTAG"
5JR8,True,CONFLICT,True,CONFLICT
5KHP,True,CONFLICT,True,"EXPRESSIONTAG, CONFLICT"
3HWD,True,ENGINEERED,True,ENGINEERED
5KIC,True,CONFLICT,True,"EXPRESSIONTAG, CONFLICT"
4K19,True,ENGINEEREDMUTATION,True,"EXPRESSIONTAG, ENGINEEREDMUTATION"
1NGL,False,,True,SEEREMARK999
1U17,True,CONFLICT,True,"INITIATINGMETHIONINE, CONFLICT"
1U18,True,CONFLICT,True,"INITIATINGMETHIONINE, CONFLICT"
1NP1,False,,False,
2NP1,False,,False,
3NP1,False,,False,
4NP1,False,,False,
1PM1,True,ENGINEERED,True,"INITIATINGMET, ENGINEERED"
2EU7,True,ENGINEERED,True,ENGINEERED
2HYS,False,,True,INITIATINGMET
2ALL,True,ENGINEERED,True,"INITIATINGMETHIONINE, ENGINEERED"
2GTF,False,,True,INITIATINGMETHIONINE
2A3F,False,,True,INITIATINGMETHIONINE
2ACP,False,,True,INITIATINGMETHIONINE
1PEE,False,,True,CLONINGARTIFACT
2AL0,False,,True,INITIATINGMETHIONINE
2ASN,False,,True,CLONINGARTIFACT
2AH7,False,,True,INITIATINGMETHIONINE
2AMM,True,ENGINEERED,True,"INITIATINGMETHIONINE, ENGINEERED"
1T68,False,,True,INITIATINGMETHIONINE
1EUO,False,,True,CLONINGARTIFACT
1X8P,False,,False,
1YWA,False,,False,
1X8Q,False,,False,
1YWB,False,,False,
1YWC,False,,False,
2OFR,True,ENGINEERED,True,ENGINEERED
1SY1,True,ENGINEERED,True,ENGINEERED
2AT0,True,ENGINEERED,True,ENGINEERED
2AT7,False,,False,
3C78,False,,False,
1SXX,True,ENGINEERED,True,ENGINEERED
1SY3,True,ENGINEERED,True,ENGINEERED
2AT8,False,,False,
1SY2,True,ENGINEERED,True,ENGINEERED
1KOI,False,,False,
1IKH,False,,False,
1X8O,False,,False,
2AT4,False,,False,
3C77,False,,False,
1SXW,True,ENGINEERED,True,ENGINEERED
2ASZ,True,ENGINEERED,True,ENGINEERED
3C76,True,ENGINEERED,True,ENGINEERED
1X8N,False,,False,
1YWD,False,,False,
1SXY,True,ENGINEERED,True,ENGINEERED
2OFM,False,,False,
1D2U,False,,False,
1SY0,True,ENGINEERED,True,ENGINEERED
2AT5,False,,False,
2AT6,False,,False,
1IKJ,False,,False,
3TGA,True,ENGINEEREDMUTATION,True,ENGINEEREDMUTATION
3TGB,True,ENGINEEREDMUTATION,True,ENGINEEREDMUTATION
3MVF,False,,False,
3TGC,True,ENGINEEREDMUTATION,True,ENGINEEREDMUTATION
1U0X,False,,False,
4HPD,False,,False,
4HPC,False,,False,
3FLL,True,ENGINEERED,True,ENGINEERED
1ML7,False,,False,
4HPA,False,,False,
4HPB,False,,False,
1ERX,False,,False,
1SXU,True,ENGINEERED,True,ENGINEERED
1D3S,False,,False,
5HWZ,True,ENGINEEREDMUTATION,True,ENGINEEREDMUTATION
1IKE,False,,False,
1NP4,False,,False,
1EQD,False,,False,
1OBP,True,CONFLICT,True,CONFLICT
1GT3,True,CONFLICT,True,CONFLICT
1HN2,True,CONFLICT,True,CONFLICT
1G85,True,CONFLICT,True,CONFLICT
1GT1,True,CONFLICT,True,CONFLICT
1PBO,True,CONFLICT,True,CONFLICT
1GT5,True,CONFLICT,True,CONFLICT
1GT4,True,CONFLICT,True,CONFLICT
1DZK,False,,False,
1E00,False,,False,
1DZM,False,,False,
1DZP,False,,False,
1E06,False,,False,
1DZJ,False,,False,
1E02,False,,False,
1A3Y,False,,False,
1HQP,False,,False,
1QWD,False,,True,CLONINGARTIFACT
1EPA,False,,False,
1EPB,False,,False,
1RLB,True,CONFLICT,True,CONFLICT
1IIU,False,,True,INITIATINGMET
1KT7,False,,False,
1KT6,False,,False,
1KT3,False,,False,
1KT4,False,,False,
1KT5,False,,False,
1FEN,False,,False,
1FEL,False,,False,
1FEM,False,,False,
1HBQ,True,CONFLICT,True,CONFLICT
1ERB,False,,False,
1HBP,False,,False,
2WR6,False,,False,
1JYD,False,,True,CLONINGARTIFACT
1JYJ,True,ENGINEERED,True,"CLONINGARTIFACT, ENGINEERED"
2WQ9,False,,False,
1RBP,False,,False,
2WQA,False,,True,EXPRESSIONTAG
1BRP,False,,False,
1BRQ,False,,False,
1QAB,False,,False,
1AQB,False,,False,
1GM6,True,CONFLICT,True,CONFLICT
1XKI,True,ENGINEERED,True,"ENGINEERED, PURIFICATIONTAG"
3EYC,True,ENGINEERED,True,"ENGINEERED, EXPRESSIONTAG"
4ALO,False,,True,SEEREMARK999
3G7X,True,ENGINEERED,True,ENGINEERED
3GAQ,True,ENGINEERED,True,"EXPRESSIONTAG, ENGINEERED"
3SAO,True,"ENGINEEREDMUTATION, CONFLICT",True,"ENGINEEREDMUTATION, SEEREMARK999, EXPRESSIONTAG, CONFLICT"
2HLV,True,"ENGINEERED, INSERTION",True,"ENGINEERED, INSERTION"
2ACO,False,,True,"EXPRESSIONTAG, CLONINGARTIFACT"
4OMX,False,,False,
4OMW,False,,False,
3KZA,True,ENGINEERED,True,ENGINEERED
2OVA,True,ENGINEERED,True,ENGINEERED
3DSZ,False,,False,
3BX7,False,,False,
3BX8,False,,False,
2OVD,True,ENGINEERED,True,ENGINEERED
2QOS,True,ENGINEERED,True,ENGINEERED
3TZS,True,ENGINEEREDMUTATION,True,"EXPRESSIONTAG, ENGINEEREDMUTATION"
2OVE,True,ENGINEERED,True,ENGINEERED
2RD7,False,,True,EXPRESSIONTAG
4O9S,False,,True,EXPRESSIONTAG
4PSQ,False,,True,EXPRESSIONTAG
3FMZ,False,,True,EXPRESSIONTAG
3OJY,False,,False,
3KFF,False,,False,
3KFH,False,,False,
3KFI,False,,False,
3KFG,False,,False,
3S26,False,,True,EXPRESSIONTAG
2NND,False,,True,"EXPRESSIONTAG, LINKER, SEEREMARK999"
2NNE,False,,True,"EXPRESSIONTAG, LINKER, SEEREMARK999"
3U9P,False,,True,EXPRESSIONTAG
2L9C,False,,True,EXPRESSIONTAG
2LB6,False,,True,EXPRESSIONTAG
3ZQ3,False,,True,EXPRESSIONTAG
2K23,False,,False,
2AT3,True,ENGINEERED,True,ENGINEERED
4GNW,True,ENGINEEREDMUTATION,True,ENGINEEREDMUTATION
4GRJ,True,ENGINEEREDMUTATION,True,ENGINEEREDMUTATION
4CK4,False,,True,MICROHETEROGENEITY
4NLJ,False,,True,SEEREMARK999
4NLI,False,,True,SEEREMARK999
5EED,False,,True,VARIANT
3P6D,False,,True,EXPRESSIONTAG
3RZY,False,,True,EXPRESSIONTAG
3P6E,False,,True,EXPRESSIONTAG
3P6H,False,,True,EXPRESSIONTAG
3P6F,False,,True,EXPRESSIONTAG
3P6G,False,,True,EXPRESSIONTAG
5HZ8,True,CONFLICT,True,"EXPRESSIONTAG, CONFLICT"
3P6C,False,,True,EXPRESSIONTAG
5HZ6,False,,True,EXPRESSIONTAG
3Q6L,False,,True,EXPRESSIONTAG
5EDB,False,,True,EXPRESSIONTAG
2HNX,False,,True,CLONINGARTIFACT
5EDC,False,,True,EXPRESSIONTAG
4NNS,False,,True,EXPRESSIONTAG
4NNT,False,,True,EXPRESSIONTAG
1TOW,False,,False,
1TOU,False,,False,
5D45,False,,True,EXPRESSIONTAG
5D47,False,,True,EXPRESSIONTAG
5D4A,False,,True,EXPRESSIONTAG
3FR4,False,,False,
2NNQ,False,,False,
5D48,False,,True,EXPRESSIONTAG
3FR5,False,,False,
3FR2,False,,False,
3HK1,False,,False,
3JS1,False,,False,
1G7N,True,ENGINEERED,True,ENGINEERED
1AB0,True,ENGINEERED,True,ENGINEERED
1LIE,False,,False,
1LIC,False,,False,
1ADL,False,,False,
1LIF,False,,False,
1LID,False,,False,
1LIB,False,,False,
1G74,True,ENGINEERED,True,ENGINEERED
3JSQ,False,,False,
1A18,False,,True,MODIFIEDRESIDUE
2ANS,False,,False,
1A2D,False,,True,MODIFIEDRESIDUE
1ACD,True,ENGINEERED,True,"ENGINEERED, MODIFIEDRESIDUE"
2Q9S,False,,True,EXPRESSIONTAG
2QM9,False,,True,EXPRESSIONTAG
1ALB,False,,False,
5D8J,False,,True,EXPRESSIONTAG
5C0N,False,,False,
1FDQ,False,,False,
1FE3,False,,False,
1JJX,False,,False,
2CBR,False,,False,
1CBR,False,,False,
1CBI,False,,False,
2G7B,True,ENGINEERED,True,ENGINEERED
3D95,True,ENGINEERED,True,ENGINEERED
3CR6,True,ENGINEERED,True,ENGINEERED
3FA6,True,ENGINEERED,True,ENGINEERED
2FS6,False,,False,
4QGX,True,ENGINEEREDMUTATION,True,ENGINEEREDMUTATION
1CBS,False,,False,
2FR3,False,,False,
3D97,True,ENGINEERED,True,ENGINEERED
3FEK,True,ENGINEERED,True,ENGINEERED
2FRS,True,ENGINEERED,True,ENGINEERED
2FS7,False,,False,
3FEN,True,ENGINEERED,True,ENGINEERED
4YKO,True,ENGINEEREDMUTATION,True,ENGINEEREDMUTATION
4YKM,True,ENGINEEREDMUTATION,True,ENGINEEREDMUTATION
3CWK,True,ENGINEERED,True,ENGINEERED
3F9D,True,ENGINEERED,True,ENGINEERED
4YFQ,True,ENGINEEREDMUTATION,True,ENGINEEREDMUTATION
3CBS,False,,False,
4QGW,True,ENGINEEREDMUTATION,True,ENGINEEREDMUTATION
2CBS,False,,False,
3I17,True,ENGINEERED,True,ENGINEERED
2G79,True,ENGINEERED,True,ENGINEERED
2G78,True,ENGINEERED,True,ENGINEERED
3D96,True,ENGINEERED,True,ENGINEERED
3FA7,True,ENGINEERED,True,ENGINEERED
4QGV,True,ENGINEEREDMUTATION,True,ENGINEEREDMUTATION
5HZQ,False,,True,EXPRESSIONTAG
1CBQ,False,,False,
3FA8,True,ENGINEERED,True,ENGINEERED
4YBP,True,ENGINEEREDMUTATION,True,ENGINEEREDMUTATION
3FA9,True,ENGINEERED,True,ENGINEERED
3FEL,True,ENGINEERED,True,ENGINEERED
1XCA,True,ENGINEERED,True,ENGINEERED
4YGG,True,ENGINEEREDMUTATION,True,ENGINEEREDMUTATION
4YBU,True,ENGINEEREDMUTATION,True,ENGINEEREDMUTATION
3F8A,True,ENGINEERED,True,ENGINEERED
4YDA,True,ENGINEEREDMUTATION,True,ENGINEEREDMUTATION
4YFP,True,ENGINEEREDMUTATION,True,ENGINEEREDMUTATION
4YCE,True,ENGINEEREDMUTATION,True,ENGINEEREDMUTATION
4YFR,True,ENGINEEREDMUTATION,True,ENGINEEREDMUTATION
4YCH,True,ENGINEEREDMUTATION,True,ENGINEEREDMUTATION
4YDB,True,ENGINEEREDMUTATION,True,ENGINEEREDMUTATION
4YGZ,True,ENGINEEREDMUTATION,True,ENGINEEREDMUTATION
4YGH,True,ENGINEEREDMUTATION,True,ENGINEEREDMUTATION
4YH0,True,ENGINEEREDMUTATION,True,ENGINEEREDMUTATION
4M6S,True,ENGINEEREDMUTATION,True,ENGINEEREDMUTATION
4I9R,True,ENGINEEREDMUTATION,True,ENGINEEREDMUTATION
4M7M,True,ENGINEEREDMUTATION,True,ENGINEEREDMUTATION
4I9S,True,ENGINEEREDMUTATION,True,ENGINEEREDMUTATION
3FEP,True,ENGINEERED,True,ENGINEERED
1BM5,True,CONFLICT,True,CONFLICT
1BLR,False,,False,
1OPA,False,,False,
1OPB,False,,False,
1CRB,False,,False,
1KGL,False,,False,
1JBH,False,,False,
1MX8,False,,False,
1MX7,False,,False,
1EII,False,,False,
1B4M,False,,False,
1KQW,False,,False,
1KQX,False,,False,
1GGL,False,,False,
1LPJ,False,,False,
2A0A,False,,False,
5HZ5,False,,False,
4LKP,False,,True,EXPRESSIONTAG
1B56,False,,False,
5UR9,False,,True,EXPRESSIONTAG
4LKT,False,,True,EXPRESSIONTAG
1JJJ,False,,False,
1FTP,False,,False,
1MDC,True,CONFLICT,True,CONFLICT
1O8V,False,,False,
1VYF,False,,False,
1VYG,False,,False,
5L8I,False,,False,
5L8N,False,,False,
5L8O,False,,False,
1O1V,False,,False,
2MM3,False,,False,
1O1U,False,,False,
1EAL,True,CONFLICT,True,CONFLICT
1EIO,True,CONFLICT,True,CONFLICT
3AKM,False,,False,
1KZW,False,,False,
1KZX,False,,True,REMARK999
2MO5,False,,True,EXPRESSIONTAG
3IFB,False,,False,
2MJI,False,,False,
1IFC,False,,False,
3AKN,False,,False,
1ICM,False,,False,
2IFB,False,,False,
1IFB,False,,False,
1ICN,True,CONFLICT,True,CONFLICT
1DC9,True,ENGINEERED,True,ENGINEERED
1SA8,False,,True,SEEREMARK999
1URE,False,,False,
1A57,True,"DELETION, ENGINEERED",True,"DELETION, ENGINEERED"
1T8V,True,ENGINEERED,True,ENGINEERED
1AEL,False,,False,
1P6P,False,,False,
2FT9,False,,False,
1TVQ,False,,False,
1TW4,False,,False,
1MVG,False,,False,
2JN3,False,,False,
2LFO,False,,True,VARIANT
2K62,False,,False,
3VG7,False,,True,EXPRESSIONTAG
3B2H,False,,True,EXPRESSIONTAG
3B2K,False,,True,EXPRESSIONTAG
3B2I,False,,True,EXPRESSIONTAG
3STK,False,,True,EXPRESSIONTAG
3VG5,False,,True,EXPRESSIONTAG
3B2J,False,,True,EXPRESSIONTAG
3VG6,False,,True,EXPRESSIONTAG
3VG3,False,,True,EXPRESSIONTAG
3VG2,False,,True,EXPRESSIONTAG
3B2L,False,,True,EXPRESSIONTAG
3VG4,False,,True,EXPRESSIONTAG
3STM,False,,True,EXPRESSIONTAG
2F73,False,,True,CLONINGARTIFACT
3STN,False,,True,EXPRESSIONTAG
2L68,False,,False,
2L67,False,,False,
2LKK,False,,False,
2PY1,False,,True,CLONINGARTIFACT
1LFO,False,,True,MODIFIEDRESIDUE
2JU8,False,,False,
2JU7,False,,False,
2JU3,False,,False,
1BWY,False,,False,
4TKB,False,,False,
4TJZ,False,,False,
4TKJ,False,,False,
3WVM,False,,False,
4TKH,False,,False,
5B28,True,ENGINEEREDMUTATION,True,ENGINEEREDMUTATION
5CE4,False,,False,
5B27,True,ENGINEEREDMUTATION,True,ENGINEEREDMUTATION
4WBK,False,,False,
5B29,True,ENGINEEREDMUTATION,True,ENGINEEREDMUTATION
1HMS,False,,False,
1HMT,False,,False,
1HMR,False,,False,
3WXQ,False,,False,
2HMB,False,,False,
3WBG,False,,True,EXPRESSIONTAG
5HZ9,False,,True,EXPRESSIONTAG
3RSW,False,,True,EXPRESSIONTAG
1G5W,False,,False,
1PMP,False,,False,
1YIV,False,,False,
2FTB,False,,False,
4I3B,False,,False,
4I3C,True,ENGINEEREDMUTATION,True,ENGINEEREDMUTATION
4I3D,True,ENGINEEREDMUTATION,True,ENGINEEREDMUTATION
4BVM,False,,True,EXPRESSIONTAG
5HBS,False,,True,EXPRESSIONTAG
4A1Y,True,ENGINEEREDMUTATION,True,"EXPRESSIONTAG, ENGINEEREDMUTATION"
2RCT,False,,True,EXPRESSIONTAG
4GKC,True,ENGINEEREDMUTATION,True,ENGINEEREDMUTATION
6AT8,False,,True,EXPRESSIONTAG
4QYN,False,,False,
5LJG,False,,False,
4EDE,True,ENGINEEREDMUTATION,True,ENGINEEREDMUTATION
2RCQ,False,,True,EXPRESSIONTAG
5H8T,False,,True,EXPRESSIONTAG
4EEJ,True,ENGINEEREDMUTATION,True,ENGINEEREDMUTATION
5LJB,False,,False,
4EFG,True,ENGINEEREDMUTATION,True,ENGINEEREDMUTATION
5F6B,True,ENGINEEREDMUTATION,True,ENGINEEREDMUTATION
4QZU,False,,False,
5HA1,False,,True,EXPRESSIONTAG
5H9A,False,,True,EXPRESSIONTAG
4A8Z,True,ENGINEEREDMUTATION,True,"EXPRESSIONTAG, ENGINEEREDMUTATION"
5LJE,True,ENGINEEREDMUTATION,True,ENGINEEREDMUTATION
2WUT,False,,False,
5FAZ,True,ENGINEEREDMUTATION,True,ENGINEEREDMUTATION
4RUU,True,ENGINEEREDMUTATION,True,ENGINEEREDMUTATION
4D6A,False,,True,EXPRESSIONTAG
5LJC,True,ENGINEEREDMUTATION,True,ENGINEEREDMUTATION
4EXZ,True,"ENGINEEREDMUTATION, CONFLICT",True,"ENGINEEREDMUTATION, CONFLICT"
5F7G,True,ENGINEEREDMUTATION,True,ENGINEEREDMUTATION
4ZGU,True,ENGINEEREDMUTATION,True,ENGINEEREDMUTATION
5DG4,True,ENGINEEREDMUTATION,True,ENGINEEREDMUTATION
4ZJ0,True,ENGINEEREDMUTATION,True,ENGINEEREDMUTATION
4QYP,False,,False,
5LJH,True,ENGINEEREDMUTATION,True,ENGINEEREDMUTATION
4ZH6,True,ENGINEEREDMUTATION,True,ENGINEEREDMUTATION
5F58,True,ENGINEEREDMUTATION,True,ENGINEEREDMUTATION
5FEN,True,ENGINEEREDMUTATION,True,ENGINEEREDMUTATION
5LJD,True,ENGINEEREDMUTATION,True,ENGINEEREDMUTATION
5FFH,True,ENGINEEREDMUTATION,True,ENGINEEREDMUTATION
5LJK,False,,False,
4QZT,False,,False,
4ZCB,True,ENGINEEREDMUTATION,True,ENGINEEREDMUTATION
4A1H,True,ENGINEEREDMUTATION,True,"EXPRESSIONTAG, ENGINEEREDMUTATION"
5DPQ,True,ENGINEEREDMUTATION,True,ENGINEEREDMUTATION
4ZR2,True,ENGINEEREDMUTATION,True,ENGINEEREDMUTATION
5URA,False,,True,EXPRESSIONTAG
4D6B,True,ENGINEEREDMUTATION,True,"EXPRESSIONTAG, ENGINEEREDMUTATION"
4AZM,False,,True,EXPRESSIONTAG
4ZH9,False,,False,
5U6G,True,ENGINEEREDMUTATION,True,ENGINEEREDMUTATION
4AZR,True,CONFLICT,True,"EXPRESSIONTAG, CONFLICT"
4AZQ,True,CONFLICT,True,"EXPRESSIONTAG, CONFLICT"
4AZP,False,,True,EXPRESSIONTAG
4AZO,True,CONFLICT,True,"EXPRESSIONTAG, CONFLICT"
4AZN,True,CONFLICT,True,"EXPRESSIONTAG, CONFLICT"
5BVQ,False,,False,
5BVS,False,,False,
2QO4,False,,False,
2QO5,True,ENGINEERED,True,"EXPRESSIONTAG, ENGINEERED"
2QO6,True,ENGINEERED,True,ENGINEERED
1AVG,True,CONFLICT,True,CONFLICT
4TNN,False,,False,
1OEJ,False,,False,
1TXL,False,,False,
1OEE,False,,False,
1S7D,False,,False,
5YXC,False,,False,
1OEK,False,,False,
5XM5,False,,False,
4AW8,False,,False,
4ARH,False,,False,
4AYH,False,,False,
1R0U,False,,True,SEEREMARK999
2GC9,False,,True,"LEADERSEQUENCE, MODIFIEDRESIDUE"
2WSJ,True,ENGINEEREDMUTATION,True,ENGINEEREDMUTATION
3NAD,False,,False,
2P8G,True,ENGINEERED,True,"LEADERSEQUENCE, MODIFIEDRESIDUE, ENGINEERED"
4ALB,True,ENGINEEREDMUTATION,True,ENGINEEREDMUTATION
2W2A,False,,False,
2W2B,True,ENGINEEREDMUTATION,True,ENGINEEREDMUTATION
2W2F,True,ENGINEEREDMUTATION,True,ENGINEEREDMUTATION
1VPR,False,,True,MODIFIEDRESIDUE
4YMY,True,ENGINEEREDMUTATION,True,"INITIATINGMETHIONINE, EXPRESSIONTAG, ENGINEEREDMUTATION"
2Q4N,False,,True,"EXPRESSIONTAG, MODIFIEDRESIDUE"
2A13,False,,True,EXPRESSIONTAG
3EMM,False,,False,
2FR2,False,,True,EXPRESSIONTAG
3WJD,True,ENGINEEREDMUTATION,True,"EXPRESSIONTAG, ENGINEEREDMUTATION"
3WJG,True,ENGINEEREDMUTATION,True,"EXPRESSIONTAG, ENGINEEREDMUTATION"
3WJE,True,ENGINEEREDMUTATION,True,"EXPRESSIONTAG, ENGINEEREDMUTATION"
3WJF,True,ENGINEEREDMUTATION,True,"EXPRESSIONTAG, ENGINEEREDMUTATION"
3WJC,True,ENGINEEREDMUTATION,True,"EXPRESSIONTAG, ENGINEEREDMUTATION"
3WJB,True,ENGINEEREDMUTATION,True,"EXPRESSIONTAG, ENGINEEREDMUTATION"
2O62,False,,False,
5NGH,False,,False,
2POA,True,ENGINEERED,True,ENGINEERED
4ODD,False,,False,
2LBA,False,,False,
1ZRY,False,,False,
3L4R,False,,True,"INITIATINGMETHIONINE, EXPRESSIONTAG"
3NX2,False,,True,SEEREMARK999
3NX1,False,,True,SEEREMARK999
4UU3,False,,False,
4UU2,True,ENGINEEREDMUTATION,True,ENGINEEREDMUTATION
3MBT,True,ENGINEERED,True,"ENGINEERED, EXPRESSIONTAG"
5GGE,False,,False,
5GKB,False,,False,
3O22,True,ENGINEEREDMUTATION,True,ENGINEEREDMUTATION
4A60,False,,True,EXPRESSIONTAG
2XST,False,,True,EXPRESSIONTAG
4ORR,True,ENGINEEREDMUTATION,True,ENGINEEREDMUTATION
3O19,True,ENGINEEREDMUTATION,True,ENGINEEREDMUTATION
4OS3,True,ENGINEEREDMUTATION,True,ENGINEEREDMUTATION
4ORS,True,ENGINEEREDMUTATION,True,ENGINEEREDMUTATION
2HZQ,True,ENGINEERED,True,"ENGINEERED, MODIFIEDRESIDUE, EXPRESSIONTAG"
3O2Y,True,ENGINEEREDMUTATION,True,ENGINEEREDMUTATION
2HZR,True,ENGINEERED,True,"ENGINEERED, MODIFIEDRESIDUE, EXPRESSIONTAG"
5WY9,False,,True,"INITIATINGMETHIONINE, EXPRESSIONTAG"
4ORU,True,ENGINEEREDMUTATION,True,ENGINEEREDMUTATION
4ORX,True,ENGINEEREDMUTATION,True,ENGINEEREDMUTATION
4IMO,False,,True,EXPRESSIONTAG
5N4P,True,ENGINEEREDMUTATION,True,"EXPRESSIONTAG, ENGINEEREDMUTATION"
4ORW,True,ENGINEEREDMUTATION,True,ENGINEEREDMUTATION
4OS8,True,ENGINEEREDMUTATION,True,ENGINEEREDMUTATION
5N4M,True,ENGINEEREDMUTATION,True,"EXPRESSIONTAG, ENGINEEREDMUTATION"
4IMN,False,,True,EXPRESSIONTAG
4OS0,True,ENGINEEREDMUTATION,True,ENGINEEREDMUTATION
4ES7,False,,True,EXPRESSIONTAG
5N4Q,True,ENGINEEREDMUTATION,True,"EXPRESSIONTAG, ENGINEEREDMUTATION"
4ORY,True,ENGINEEREDMUTATION,True,ENGINEEREDMUTATION
3IA8,False,,False,
3NR3,False,,True,EXPRESSIONTAG
2WWP,False,,False,
3QKG,True,ENGINEEREDMUTATION,True,"ENGINEEREDMUTATION, EXPRESSIONTAG"
4R0B,True,ENGINEEREDMUTATION,True,"ENGINEEREDMUTATION, EXPRESSIONTAG"
4RUN,True,ENGINEEREDMUTATION,True,"ENGINEEREDMUTATION, EXPRESSIONTAG"
5T43,True,CONFLICT,True,CONFLICT
3PPT,False,,True,EXPRESSIONTAG
3PP6,True,ENGINEEREDMUTATION,True,ENGINEEREDMUTATION
2N93,False,,False,
2FLJ,False,,True,INITIATINGMETHIONINE
2CZT,True,ENGINEERED,True,"CLONINGARTIFACT, ENGINEERED"
2CZU,True,ENGINEERED,True,"CLONINGARTIFACT, ENGINEERED"
2RQ0,True,ENGINEERED,True,"EXPRESSIONTAG, ENGINEERED"
2KTD,True,ENGINEEREDMUTATION,True,"EXPRESSIONTAG, ENGINEEREDMUTATION"
2E4J,True,ENGINEERED,True,"EXPRESSIONTAG, ENGINEERED"
3FIQ,False,,False,
2L5P,True,ENGINEEREDMUTATION,True,"EXPRESSIONTAG, ENGINEEREDMUTATION"
5BVT,False,,False,
5XN9,False,,True,EXPRESSIONTAG
5XNA,False,,True,EXPRESSIONTAG
4XME,False,,False,
4XMC,False,,False,
4XMF,False,,False,
4XMD,False,,False,
5M6K,False,,True,VARIANT
5M6J,False,,True,VARIANT
4XMG,False,,False,
4GE1,False,,True,INITIATINGMETHIONINE
4GET,False,,True,INITIATINGMETHIONINE
4HFO,True,CONFLICT,True,CONFLICT
5EZ2,False,,False,
5F6Z,False,,False,
5F1E,False,,False,
2RA6,True,ENGINEERED,True,"INITIATINGMETHIONINE, ENGINEERED"
2R74,True,ENGINEERED,True,"INITIATINGMETHIONINE, ENGINEERED"
2R73,True,ENGINEERED,True,"INITIATINGMETHIONINE, ENGINEERED"
3ELX,False,,True,EXPRESSIONTAG
3ELZ,False,,True,EXPRESSIONTAG
3EM0,False,,True,EXPRESSIONTAG
1NQN,True,ENGINEERED,True,"SEEREMARK999, ENGINEERED"
2CAM,True,ENGINEERED,True,ENGINEERED
1LDO,True,CONFLICT,True,CONFLICT
1RAV,False,,False,
4U46,True,CONFLICT,True,"EXPRESSIONTAG, CONFLICT"
1IJ8,False,,True,SEEREMARK999
1LDQ,True,CONFLICT,True,CONFLICT
2AVI,True,CONFLICT,True,CONFLICT
1AVD,False,,True,SEEREMARK999
5CHK,True,CONFLICT,True,CONFLICT
1AVE,False,,True,SEEREMARK999
1LEL,True,CONFLICT,True,CONFLICT
5LUR,True,ENGINEEREDMUTATION,True,"ENGINEEREDMUTATION, EXPRESSIONTAG"
2F01,False,,False,
1LUQ,True,ENGINEERED,True,ENGINEERED
2GH7,False,,False,
1SWU,True,ENGINEERED,True,ENGINEERED
4CPE,False,,False,
3RY2,False,,False,
2G5L,False,,False,
1RXJ,False,,True,SEEREMARK999
4CPF,False,,False,
3RY1,False,,False,
1MK5,False,,False,
2RTM,False,,False,
3WYP,False,,False,
4IRW,False,,True,EXPRESSIONTAG
2RTQ,False,,False,
2RTA,False,,False,
2RTG,False,,False,
2RTJ,False,,False,
2RTI,False,,False,
1DF8,True,ENGINEERED,True,ENGINEERED
2IZB,False,,False,
4Y59,False,,False,
2RTF,False,,False,
2RTL,False,,False,
2RTE,False,,False,
4BX5,True,"ENGINEEREDMUTATION, DELETION, INSERTION",True,"ENGINEEREDMUTATION, DELETION, INSERTION"
1VWL,False,,False,
1VWG,False,,False,
1VWK,False,,False,
1VWJ,False,,False,
1VWH,False,,False,
2RTP,False,,False,
2RTB,False,,False,
1VWE,False,,False,
1VWR,False,,False,
1VWI,False,,False,
2IZJ,False,,False,
1SRI,False,,False,
2IZK,False,,False,
2RTC,False,,False,
2RTR,False,,False,
2RTH,False,,False,
1KL3,True,ENGINEERED,True,"INITIATINGMET, ENGINEERED"
2RTD,False,,False,
1VWM,False,,False,
2IZH,False,,False,
2RTO,False,,False,
1SWH,False,,True,SUBSTITUTION
2IZG,False,,False,
1KL4,True,ENGINEERED,True,"INITIATINGMET, ENGINEERED"
1RXK,True,ENGINEERED,True,"SEEREMARK999, ENGINEERED"
1RSU,False,,False,
1SLF,False,,False,
1SRG,False,,False,
1VWO,False,,False,
1MEP,True,ENGINEERED,True,ENGINEERED
1SRE,False,,False,
1RST,False,,False,
1KL5,True,ENGINEERED,True,"INITIATINGMET, ENGINEERED"
1NQM,True,ENGINEERED,True,ENGINEERED
1SRJ,False,,False,
2IZC,False,,False,
1VWQ,False,,False,
1VWP,False,,False,
1HQQ,False,,False,
1SLG,False,,False,
1SWC,False,,False,
1VWD,False,,False,
1HXZ,False,,False,
1SWA,False,,False,
1SWB,False,,False,
1VWB,False,,False,
2IZA,False,,False,
2RTK,False,,False,
1HXL,False,,False,
1VWC,False,,False,
2IZL,False,,False,
1KFF,True,ENGINEERED,True,"INITIATINGMET, ENGINEERED"
1SWQ,False,,True,SUBSTITUTION
2IZI,False,,False,
1VWF,False,,False,
1VWA,False,,False,
1STR,False,,False,
1N9Y,True,ENGINEERED,True,ENGINEERED
1PTS,False,,False,
1SWR,False,,True,SUBSTITUTION
1N43,True,ENGINEERED,True,ENGINEERED
1LCZ,False,,False,
1SWO,False,,True,SUBSTITUTION
1VWN,False,,False,
2IZF,False,,False,
1SRF,False,,False,
2IZE,False,,False,
1SWL,False,,True,SUBSTITUTION
1SWE,False,,False,
1STS,False,,False,
1SWK,False,,True,SUBSTITUTION
1N9M,True,ENGINEERED,True,ENGINEERED
1SWS,True,ENGINEERED,True,ENGINEERED
1SWJ,False,,True,SUBSTITUTION
2IZD,False,,False,
1SLE,False,,False,
1HY2,False,,False,
1SWT,True,ENGINEERED,True,ENGINEERED
5TO2,True,ENGINEEREDMUTATION,True,ENGINEEREDMUTATION
1SWD,False,,False,
1LCW,False,,False,
2RTN,False,,False,
1LCV,False,,False,
1NBX,True,ENGINEERED,True,ENGINEERED
1SWN,False,,True,SUBSTITUTION
1SRH,False,,False,
1I9H,False,,False,
1NC9,True,ENGINEERED,True,ENGINEERED
1SWP,False,,True,SUBSTITUTION
1NDJ,True,ENGINEERED,True,ENGINEERED
1SLD,False,,False,
1N7Y,True,ENGINEERED,True,ENGINEERED
1STP,False,,False,
1N4J,True,ENGINEERED,True,ENGINEERED
1RXH,True,ENGINEERED,True,ENGINEERED
1MOY,True,"DELETION, INSERTION",True,"DELETION, INSERTION"
1MM9,True,"DELETION, INSERTION",True,"DELETION, INSERTION"
1SWG,True,"CONFLICT, INSERTION",True,"CONFLICT, INSERTION"
1SWF,False,,False,
1Y55,True,ENGINEERED,True,ENGINEERED
2FHL,False,,True,CLONINGARTIFACT
2OF8,True,ENGINEERED,True,ENGINEERED
2OFB,True,ENGINEERED,True,ENGINEERED
1Y53,True,ENGINEERED,True,ENGINEERED
2FHN,True,ENGINEERED,True,"ENGINEERED, CLONINGARTIFACT"
1WBI,False,,False,
2OF9,True,ENGINEERED,True,ENGINEERED
1VYO,False,,False,
2OFA,True,ENGINEERED,True,ENGINEERED
1Y52,True,ENGINEERED,True,ENGINEERED
3VGW,False,,False,
4BCS,False,,False,
4JHQ,False,,True,SEEREMARK999
3VHI,False,,False,
3VHH,False,,False,
4I60,False,,True,SEEREMARK999
5IRU,True,CONFLICT,True,CONFLICT
3VHM,False,,False,
2A8G,False,,True,VARIANT
2A5B,False,,True,VARIANT
5IRW,True,CONFLICT,True,CONFLICT
5HLM,False,,False,
2A5C,False,,True,VARIANT
3MM0,True,ENGINEERED,True,"EXPRESSIONTAG, ENGINEERED"
3FDC,True,CONFLICT,True,"VARIANT, CONFLICT"
2MF6,True,ENGINEEREDMUTATION,True,"EXPRESSIONTAG, ENGINEEREDMUTATION"
3WYQ,True,ENGINEEREDMUTATION,True,ENGINEEREDMUTATION
4GDA,False,,True,LINKER
3WZP,True,ENGINEEREDMUTATION,True,"EXPRESSIONTAG, ENGINEEREDMUTATION"
3RDO,True,ENGINEEREDMUTATION,True,"EXPRESSIONTAG, ENGINEEREDMUTATION"
2Y3F,True,ENGINEEREDMUTATION,True,"EXPRESSIONTAG, ENGINEEREDMUTATION"
3X00,True,ENGINEEREDMUTATION,True,"EXPRESSIONTAG, ENGINEEREDMUTATION"
2Y3E,True,ENGINEEREDMUTATION,True,"EXPRESSIONTAG, ENGINEEREDMUTATION"
5B5F,False,,False,
4Y5D,False,,False,
3RDU,True,ENGINEEREDMUTATION,True,"EXPRESSIONTAG, ENGINEEREDMUTATION"
3T6F,True,ENGINEEREDMUTATION,True,ENGINEEREDMUTATION
3RDS,True,ENGINEEREDMUTATION,True,"EXPRESSIONTAG, ENGINEEREDMUTATION"
2BC3,False,,True,T7-TAG
3T6L,True,ENGINEEREDMUTATION,True,ENGINEEREDMUTATION
3MG5,True,ENGINEERED,True,ENGINEERED
3WZN,True,ENGINEEREDMUTATION,True,"EXPRESSIONTAG, ENGINEEREDMUTATION"
4CPI,True,ENGINEEREDMUTATION,True,ENGINEEREDMUTATION
4YVB,True,ENGINEEREDMUTATION,True,ENGINEEREDMUTATION
3RDM,True,ENGINEEREDMUTATION,True,"EXPRESSIONTAG, ENGINEEREDMUTATION"
4BX6,True,ENGINEEREDMUTATION,True,"ENGINEEREDMUTATION, EXPRESSIONTAG"
3RE6,True,ENGINEEREDMUTATION,True,"EXPRESSIONTAG, ENGINEEREDMUTATION"
2WPU,False,,True,EXPRESSIONTAG
3PK2,True,ENGINEEREDMUTATION,True,"EXPRESSIONTAG, ENGINEEREDMUTATION"
5WBD,True,ENGINEEREDMUTATION,True,"EXPRESSIONTAG, ENGINEEREDMUTATION"
4GJS,True,ENGINEEREDMUTATION,True,"EXPRESSIONTAG, ENGINEEREDMUTATION"
5WBB,True,ENGINEEREDMUTATION,True,"EXPRESSIONTAG, ENGINEEREDMUTATION"
4GD9,False,,True,"EXPRESSIONTAG, LINKER"
5WBA,False,,True,EXPRESSIONTAG
5B5G,False,,False,
5IRA,False,,False,
4CPH,True,ENGINEEREDMUTATION,True,"ENGINEEREDMUTATION, EXPRESSIONTAG"
3WZO,True,ENGINEEREDMUTATION,True,"EXPRESSIONTAG, ENGINEEREDMUTATION"
3WZQ,True,ENGINEEREDMUTATION,True,"EXPRESSIONTAG, ENGINEEREDMUTATION"
3RE5,True,ENGINEEREDMUTATION,True,"EXPRESSIONTAG, ENGINEEREDMUTATION"
5N8T,False,,False,
3RDQ,True,ENGINEEREDMUTATION,True,"EXPRESSIONTAG, ENGINEEREDMUTATION"
6ANX,False,,True,EXPRESSIONTAG
2QCB,True,ENGINEERED,True,"T7-TAG, ENGINEERED"
3RDX,True,ENGINEEREDMUTATION,True,"EXPRESSIONTAG, ENGINEEREDMUTATION"
5F2B,True,ENGINEEREDMUTATION,True,"INITIATINGMETHIONINE, EXPRESSIONTAG, ENGINEEREDMUTATION"
4JNJ,False,,False,
4GJV,True,ENGINEEREDMUTATION,True,"EXPRESSIONTAG, ENGINEEREDMUTATION"
5CSE,True,ENGINEEREDMUTATION,True,"INITIATINGMETHIONINE, EXPRESSIONTAG, ENGINEEREDMUTATION"
4DNE,True,ENGINEEREDMUTATION,True,ENGINEEREDMUTATION
5JD2,False,,False,
4BX7,True,ENGINEEREDMUTATION,True,"EXPRESSIONTAG, ENGINEEREDMUTATION"
4EKV,True,ENGINEEREDMUTATION,True,"SEEREMARK999, ENGINEEREDMUTATION"
4OKA,True,ENGINEEREDMUTATION,True,"EXPRESSIONTAG, ENGINEEREDMUTATION"
4GGZ,False,,True,EXPRESSIONTAG
4GGT,False,,True,EXPRESSIONTAG
4GGR,False,,True,EXPRESSIONTAG
4BBO,False,,False,
2Y32,False,,False,
2C1S,False,,False,
2C1Q,False,,False,
4Z2O,False,,False,
4Z27,False,,False,
4Z2V,False,,False,
4Z2P,False,,False,
4Z28,False,,False,
4Z6J,False,,False,
2ZSC,False,,False,
3SZH,False,,True,EXPRESSIONTAG
3T2X,True,ENGINEEREDMUTATION,True,"EXPRESSIONTAG, ENGINEEREDMUTATION"
3SZI,False,,True,EXPRESSIONTAG
3SZJ,False,,True,EXPRESSIONTAG
3T2W,True,ENGINEEREDMUTATION,True,"EXPRESSIONTAG, ENGINEEREDMUTATION"
2UYW,False,,False,
2UZ2,False,,False,
4BJ8,True,CONFLICT,True,"EXPRESSIONTAG, CONFLICT"
1SMP,True,CONFLICT,True,CONFLICT
1JIW,False,,False,
1OH1,False,,False,
1NYC,False,,True,"CLONINGARTIFACT, SEEREMARK999"
1QWX,True,CONFLICT,True,CONFLICT
1PXV,True,ENGINEERED,True,"CLONINGARTIFACT, EXPRESSIONTAG, ENGINEERED, SEEREMARK999"
1Y4H,False,,True,CLONINGARTIFACT
1EI5,False,,False,
1JJU,False,,False,
1PBY,False,,True,MODIFIEDRESIDUE
1JMX,False,,False,
1JMZ,False,,False,
3PDF,True,CONFLICT,True,"CONFLICT, EXPRESSIONTAG"
1Y0G,False,,False,
1WUB,False,,False,
1UF6,False,,False,
5IXG,False,,False,
3HPE,False,,True,VARIANT
2GTL,True,CONFLICT,True,CONFLICT
2F09,False,,True,"CLONINGARTIFACT, EXPRESSIONTAG"
1A1X,False,,False,
1QTU,False,,False,
1QTT,False,,False,
1JSG,False,,False,
1JNP,True,ENGINEERED,True,ENGINEERED
1XQM,False,,True,CHROMOPHORE
2HPW,False,,False,
3ADF,True,CONFLICT,True,"EXPRESSIONTAG, CHROMOPHORE, CONFLICT"
4GF6,True,ENGINEEREDMUTATION,True,"ENGINEEREDMUTATION, EXPRESSIONTAG"
2AWK,True,ENGINEERED,True,"EXPRESSIONTAG, ENGINEERED, CHROMOPHORE"
2HFC,True,ENGINEERED,True,"CLONINGARTIFACT, ENGINEERED"
2HJO,True,ENGINEERED,True,"ENGINEERED, CHROMOPHORE"
4KAG,True,"INSERTION, ENGINEEREDMUTATION, DELETION, CONFLICT",True,"INSERTION, ENGINEEREDMUTATION, CHROMOPHORE, DELETION, CONFLICT"
4J8A,True,ENGINEEREDMUTATION,True,"EXPRESSIONTAG, ENGINEEREDMUTATION, SEEREMARK999"
2QZ0,True,ENGINEERED,True,"EXPRESSIONTAG, ENGINEERED, CHROMOPHORE"
2FZU,True,ENGINEERED,True,"INITIATINGMETHIONINE, CLONINGARTIFACT, ENGINEERED, SEEREMARK999"
1OXD,True,ENGINEERED,True,"CHROMOPHORE, ENGINEERED"
4GES,True,ENGINEEREDMUTATION,True,"ENGINEEREDMUTATION, EXPRESSIONTAG"
1OXE,True,ENGINEERED,True,"CHROMOPHORE, ENGINEERED"
3LA1,True,ENGINEERED,True,"EXPRESSIONTAG, SEEREMARK999, ENGINEERED, CHROMOPHORE"
2G6E,True,ENGINEERED,True,"INITIATINGMETHIONINE, CLONINGARTIFACT, ENGINEERED, CHROMOPHORE"
4EUL,True,"ENGINEEREDMUTATION, CONFLICT",True,"INITIATINGMETHIONINE, EXPRESSIONTAG, ENGINEEREDMUTATION, CHROMOPHORE, CONFLICT"
2HCG,True,ENGINEERED,True,"INITIATINGMETHIONINE, CLONINGARTIFACT, ENGINEERED, CHROMOPHORE"
3CB9,True,ENGINEERED,True,"EXPRESSIONTAG, ENGINEERED, CHROMOPHORE"
4L1I,True,ENGINEEREDMUTATION,True,"EXPRESSIONTAG, ENGINEEREDMUTATION, CHROMOPHORE"
3CD1,True,ENGINEERED,True,"EXPRESSIONTAG, ENGINEERED, CHROMOPHORE"
3DQ7,True,ENGINEERED,True,"EXPRESSIONTAG, CHROMOPHORE, ENGINEERED"
1KYP,True,ENGINEERED,True,"CLONINGARTIFACT, ENGINEERED, CHROMOPHORE,SEEREMARK999"
2HRS,True,ENGINEERED,True,"ENGINEERED, CHROMOPHORE"
4LQT,True,ENGINEEREDMUTATION,True,"EXPRESSIONTAG, ENGINEEREDMUTATION, CHROMOPHORE"
3W1C,True,"ENGINEEREDMUTATION, INSERTION",True,"EXPRESSIONTAG, CHROMOPHORE, ENGINEEREDMUTATION, INSERTION"
2QT2,True,ENGINEERED,True,"ENGINEERED, CHROMOPHORE"
3I19,True,ENGINEEREDMUTATION,True,"EXPRESSIONTAG, SEEREMARK999, ENGINEEREDMUTATION, CHROMOPHORE"
1Q4E,True,ENGINEERED,True,"CHROMOPHORE, ENGINEERED"
3SRY,True,"INSERTION, ENGINEEREDMUTATION",True,"INSERTION, CHROMOPHORE, ENGINEEREDMUTATION, EXPRESSIONTAG"
1KYS,True,ENGINEERED,True,"CLONINGARTIFACT, ENGINEERED, CHROMOPHORE,SEEREMARK999"
5OXA,True,"ENGINEEREDMUTATION, CONFLICT",True,"INITIATINGMETHIONINE, EXPRESSIONTAG, ENGINEEREDMUTATION, CHROMOPHORE, CONFLICT"
1QYF,True,ENGINEERED,True,"CLONINGARTIFACT, ENGINEERED, CHROMOPHORE"
2H6V,True,ENGINEERED,True,"CLONINGARTIFACT, ENGINEERED, CHROMOPHORE"
1KYR,True,ENGINEERED,True,"CLONINGARTIFACT, ENGINEERED, CHROMOPHORE,SEEREMARK999"
3ST0,True,"INSERTION, ENGINEEREDMUTATION",True,"INSERTION, CHROMOPHORE, ENGINEEREDMUTATION, EXPRESSIONTAG"
4H48,True,ENGINEEREDMUTATION,True,"EXPRESSIONTAG, SEEREMARK999, ENGINEEREDMUTATION, CHROMOPHORE"
3CBE,True,ENGINEERED,True,"EXPRESSIONTAG, ENGINEERED, CHROMOPHORE"
1Q4A,True,ENGINEERED,True,"CHROMOPHORE, ENGINEERED"
4XOV,True,CONFLICT,True,"INITIATINGMETHIONINE, EXPRESSIONTAG, CONFLICT, CHROMOPHORE"
3CD9,True,ENGINEERED,True,"EXPRESSIONTAG, ENGINEERED, CHROMOPHORE"
2O24,True,ENGINEERED,True,"CLONINGARTIFACT, ENGINEERED, CHROMOPHORE"
3DQD,True,ENGINEERED,True,"EXPRESSIONTAG, CHROMOPHORE, ENGINEERED"
3DQN,True,ENGINEERED,True,"EXPRESSIONTAG, CHROMOPHORE, ENGINEERED"
4N3D,True,ENGINEEREDMUTATION,True,"EXPRESSIONTAG, CHROMOPHORE, ENGINEEREDMUTATION"
1H6R,True,ENGINEEREDMUTATION,True,"CHROMOPHORE, ENGINEEREDMUTATION"
3DQM,True,ENGINEERED,True,"EXPRESSIONTAG, CHROMOPHORE, ENGINEERED"
3DQH,True,ENGINEERED,True,"EXPRESSIONTAG, CHROMOPHORE, ENGINEERED"
3W1D,True,"ENGINEEREDMUTATION, INSERTION",True,"EXPRESSIONTAG, CHROMOPHORE, ENGINEEREDMUTATION, INSERTION"
1S6Z,True,ENGINEERED,True,"ENGINEERED, CHROMOPHORE"
3DQK,True,ENGINEERED,True,"EXPRESSIONTAG, CHROMOPHORE, ENGINEERED"
3DQ9,True,ENGINEERED,True,"EXPRESSIONTAG, CHROMOPHORE, ENGINEERED"
3DQ4,True,ENGINEERED,True,"EXPRESSIONTAG, CHROMOPHORE, ENGINEERED"
3DQU,True,ENGINEERED,True,"EXPRESSIONTAG, CHROMOPHORE, ENGINEERED"
3DQE,True,ENGINEERED,True,"EXPRESSIONTAG, CHROMOPHORE, ENGINEERED"
4XOW,True,CONFLICT,True,"INITIATINGMETHIONINE, EXPRESSIONTAG, CONFLICT, CHROMOPHORE"
3DQI,True,ENGINEERED,True,"EXPRESSIONTAG, CHROMOPHORE, ENGINEERED"
1JBZ,True,ENGINEERED,True,"CHROMOPHORE, ENGINEERED"
3DQA,True,ENGINEERED,True,"EXPRESSIONTAG, CHROMOPHORE, ENGINEERED"
3DQF,True,ENGINEERED,True,"EXPRESSIONTAG, CHROMOPHORE, ENGINEERED"
3G9A,True,ENGINEERED,True,ENGINEERED
3DPX,True,ENGINEERED,True,"EXPRESSIONTAG, CHROMOPHORE, ENGINEERED"
1Q4B,True,ENGINEERED,True,"CHROMOPHORE, ENGINEERED"
3SSH,True,"INSERTION, ENGINEEREDMUTATION",True,"INSERTION, CHROMOPHORE, ENGINEEREDMUTATION, EXPRESSIONTAG"
1Q4C,True,ENGINEERED,True,"CHROMOPHORE, ENGINEERED"
4P1Q,True,"CONFLICT, ENGINEEREDMUTATION",True,"EXPRESSIONTAG, CHROMOPHORE, CONFLICT, ENGINEEREDMUTATION"
5OX8,True,"ENGINEEREDMUTATION, CONFLICT",True,"INITIATINGMETHIONINE, EXPRESSIONTAG, ENGINEEREDMUTATION, CHROMOPHORE, CONFLICT"
3DQO,True,ENGINEERED,True,"EXPRESSIONTAG, CHROMOPHORE, ENGINEERED"
3SVB,True,"INSERTION, ENGINEEREDMUTATION",True,"INSERTION, CHROMOPHORE, ENGINEEREDMUTATION, EXPRESSIONTAG"
3DQL,True,ENGINEERED,True,"EXPRESSIONTAG, CHROMOPHORE, ENGINEERED"
4EN1,True,ENGINEEREDMUTATION,True,"INITIATINGMETHIONINE, EXPRESSIONTAG, ENGINEEREDMUTATION"
2QRF,True,ENGINEERED,True,"ENGINEERED, CHROMOPHORE"
3SVC,True,"INSERTION, ENGINEEREDMUTATION",True,"INSERTION, CHROMOPHORE, ENGINEEREDMUTATION, EXPRESSIONTAG"
1Q73,True,ENGINEERED,True,"CHROMOPHORE, ENGINEERED"
3GEX,True,ENGINEERED,True,"EXPRESSIONTAG, SEEREMARK999, ENGINEERED, CHROMOPHORE"
3DQ5,True,ENGINEERED,True,"EXPRESSIONTAG, CHROMOPHORE, ENGINEERED"
1Q4D,True,ENGINEERED,True,"CHROMOPHORE, ENGINEERED"
3DQC,True,ENGINEERED,True,"EXPRESSIONTAG, CHROMOPHORE, ENGINEERED"
2HGD,True,ENGINEERED,True,"INITIATINGMETHIONINE, CLONINGARTIFACT, CHROMOPHORE, ENGINEERED"
2QU1,True,ENGINEERED,True,"EXPRESSIONTAG, ENGINEERED, CHROMOPHORE"
3DQJ,True,ENGINEERED,True,"EXPRESSIONTAG, CHROMOPHORE, ENGINEERED"
3DQ8,True,ENGINEERED,True,"EXPRESSIONTAG, CHROMOPHORE, ENGINEERED"
3SSK,True,"INSERTION, ENGINEEREDMUTATION",True,"INSERTION, CHROMOPHORE, ENGINEEREDMUTATION, EXPRESSIONTAG"
3DQ6,True,ENGINEERED,True,"EXPRESSIONTAG, CHROMOPHORE, ENGINEERED"
5OXB,True,"ENGINEEREDMUTATION, CONFLICT",True,"INITIATINGMETHIONINE, EXPRESSIONTAG, ENGINEEREDMUTATION, CHROMOPHORE, CONFLICT"
3DQ2,True,ENGINEERED,True,"EXPRESSIONTAG, CHROMOPHORE, ENGINEERED"
3DQ3,True,ENGINEERED,True,"EXPRESSIONTAG, CHROMOPHORE, ENGINEERED"
3SST,True,"INSERTION, ENGINEEREDMUTATION",True,"INSERTION, CHROMOPHORE, ENGINEEREDMUTATION, EXPRESSIONTAG"
2FWQ,True,ENGINEERED,True,"INITIATINGMETHIONINE, CLONINGARTIFACT, ENGINEERED, CHROMOPHORE"
3DPW,True,ENGINEERED,True,"EXPRESSIONTAG, CHROMOPHORE, ENGINEERED"
2AWJ,True,ENGINEERED,True,"CLONINGARTIFACT, ENGINEERED"
1OXF,False,,True,"CHROMOPHORE,SEEREMA"
2O29,True,ENGINEERED,True,"CLONINGARTIFACT, ENGINEERED, CHROMOPHORE"
1RMO,False,,True,"MODIFIEDRESIDUE, CHROMOPHORE"
5EHU,True,ENGINEEREDMUTATION,True,"EXPRESSIONTAG, ENGINEEREDMUTATION, CHROMOPHORE"
3SSL,True,"INSERTION, ENGINEEREDMUTATION",True,"INSERTION, CHROMOPHORE, ENGINEEREDMUTATION, EXPRESSIONTAG"
5DPH,True,ENGINEEREDMUTATION,True,"INITIATINGMETHIONINE, ENGINEEREDMUTATION, CHROMOPHORE"
5DTX,True,ENGINEEREDMUTATION,True,"EXPRESSIONTAG, ENGINEEREDMUTATION, CHROMOPHORE"
1QYO,True,ENGINEERED,True,ENGINEERED
4L13,True,ENGINEEREDMUTATION,True,"EXPRESSIONTAG, ENGINEEREDMUTATION, CHROMOPHORE"
3SVE,True,"INSERTION, ENGINEEREDMUTATION",True,"INSERTION, CHROMOPHORE, ENGINEEREDMUTATION, EXPRESSIONTAG"
3SS0,True,"INSERTION, ENGINEEREDMUTATION",True,"INSERTION, CHROMOPHORE, ENGINEEREDMUTATION, EXPRESSIONTAG"
2AWM,True,ENGINEERED,True,"EXPRESSIONTAG, ENGINEERED, CHROMOPHORE"
4H47,True,ENGINEEREDMUTATION,True,"EXPRESSIONTAG, SEEREMARK999, ENGINEEREDMUTATION, CHROMOPHORE"
5J2O,True,ENGINEEREDMUTATION,True,"EXPRESSIONTAG, ENGINEEREDMUTATION, CHROMOPHORE, SEESEQUENCEDETAILS"
3DPZ,True,ENGINEERED,True,"EXPRESSIONTAG, CHROMOPHORE, ENGINEERED"
3UFZ,True,ENGINEEREDMUTATION,True,"EXPRESSIONTAG, ENGINEEREDMUTATION, SEEREMARK999"
5DTZ,True,"ENGINEEREDMUTATION, CONFLICT",True,"INITIATINGMETHIONINE, EXPRESSIONTAG, ENGINEEREDMUTATION, CONFLICT, CHROMOPHORE"
3DQ1,True,ENGINEERED,True,"EXPRESSIONTAG, CHROMOPHORE, ENGINEERED"
5DTY,True,ENGINEEREDMUTATION,True,"EXPRESSIONTAG, ENGINEEREDMUTATION, CHROMOPHORE"
3SV5,True,"INSERTION, ENGINEEREDMUTATION",True,"INSERTION, CHROMOPHORE, ENGINEEREDMUTATION, EXPRESSIONTAG"
1EMA,False,,True,CHROMOPHORE
1QYQ,True,ENGINEERED,True,"CLONINGARTIFACT, ENGINEERED, CHROMOPHORE"
4KW4,True,ENGINEEREDMUTATION,True,"EXPRESSIONTAG, SEEREMARK999, CHROMOPHORE,REM999, CHROMOPHORE, ENGINEEREDMUTATION"
5OX9,True,"ENGINEEREDMUTATION, CONFLICT",True,"INITIATINGMETHIONINE, EXPRESSIONTAG, ENGINEEREDMUTATION, CHROMOPHORE, CONFLICT"
1RMM,False,,True,CHROMOPHORE
2O2B,True,ENGINEERED,True,"CLONINGARTIFACT, ENGINEERED, CHROMOPHORE"
2AWL,True,ENGINEERED,True,"EXPRESSIONTAG, ENGINEERED, CHROMOPHORE"
4J88,True,ENGINEEREDMUTATION,True,"EXPRESSIONTAG, ENGINEEREDMUTATION, SEEREMARK999"
2H9W,True,ENGINEERED,True,"CLONINGARTIFACT, ENGINEERED, CHROMOPHORE"
4KW9,True,ENGINEEREDMUTATION,True,"EXPRESSIONTAG, SEEREMARK999, CHROMOPHORE,REM999, CHROMOPHORE, ENGINEEREDMUTATION"
5T3I,True,CONFLICT,True,"INITIATINGMETHIONINE, EXPRESSIONTAG, CONFLICT, CHROMOPHORE"
4KA9,True,"INSERTION, DELETION, ENGINEEREDMUTATION, CONFLICT",True,"INSERTION, DELETION, ENGINEEREDMUTATION, CHROMOPHORE, CONFLICT"
4LQU,True,ENGINEEREDMUTATION,True,"EXPRESSIONTAG, ENGINEEREDMUTATION, CHROMOPHORE"
1QY3,True,ENGINEERED,True,ENGINEERED
1JBY,True,ENGINEERED,True,"CHROMOPHORE, ENGINEERED"
3UG0,True,ENGINEEREDMUTATION,True,"EXPRESSIONTAG, ENGINEEREDMUTATION, SEEREMARK999"
2OKW,True,ENGINEERED,True,"SEEREMARK999, CHROMOPHORE, ENGINEERED"
4KEX,True,"INSERTION, ENGINEEREDMUTATION, DELETION, CONFLICT",True,"INSERTION, ENGINEEREDMUTATION, CHROMOPHORE, DELETION, CONFLICT"
1EMG,False,,True,"CHROMOPHORE, CLONINGARTIFACT"
4L12,True,ENGINEEREDMUTATION,True,"EXPRESSIONTAG, ENGINEEREDMUTATION, CHROMOPHORE"
3SSP,True,"INSERTION, ENGINEEREDMUTATION",True,"INSERTION, CHROMOPHORE, ENGINEEREDMUTATION, EXPRESSIONTAG"
2EMD,True,"INSERTION, ENGINEERED",True,"INSERTION, ENGINEERED, CHROMOPHORE, CLONINGARTIFACT"
1GFL,False,,False,
5HBD,True,"ENGINEEREDMUTATION, CONFLICT",True,"CHROMOPHORE, ENGINEEREDMUTATION, CONFLICT, EXPRESSIONTAG"
1QXT,True,ENGINEERED,True,"CLONINGARTIFACT, ENGINEERED"
4J89,True,ENGINEEREDMUTATION,True,"EXPRESSIONTAG, ENGINEEREDMUTATION, SEEREMARK999"
2HGY,True,ENGINEERED,True,"INITIATINGMETHIONINE, CLONINGARTIFACT, CHROMOPHORE, ENGINEERED"
5O8C,True,ENGINEEREDMUTATION,True,"EXPRESSIONTAG, ENGINEEREDMUTATION, CHROMOPHORE"
5O8A,True,ENGINEEREDMUTATION,True,"EXPRESSIONTAG, ENGINEEREDMUTATION, CHROMOPHORE"
1HCJ,True,CONFLICT,True,"CONFLICT, CHROMOPHORE"
5O89,True,ENGINEEREDMUTATION,True,"EXPRESSIONTAG, ENGINEEREDMUTATION, CHROMOPHORE"
4ORN,True,ENGINEEREDMUTATION,True,"EXPRESSIONTAG, ENGINEEREDMUTATION, CHROMOPHORE"
1EMK,True,ENGINEERED,True,"ENGINEERED, CHROMOPHORE, CLONINGARTIFACT"
1EMB,False,,True,CHROMOPHORE
1BFP,True,ENGINEERED,True,"CHROMOPHORE, CLONINGARTIFACT, ENGINEERED"
2Q6P,True,ENGINEERED,True,"MODIFIEDRESIDUE, ENGINEERED, CHROMOPHORE"
3SSY,True,"INSERTION, ENGINEEREDMUTATION",True,"INSERTION, CHROMOPHORE, ENGINEEREDMUTATION, EXPRESSIONTAG"
3SVD,True,"INSERTION, ENGINEEREDMUTATION",True,"INSERTION, CHROMOPHORE, ENGINEEREDMUTATION, EXPRESSIONTAG"
1RRX,False,,True,CHROMOPHORE
5JZL,True,CONFLICT,True,"INITIATINGMETHIONINE, EXPRESSIONTAG, CONFLICT, CHROMOPHORE"
3GJ1,True,ENGINEERED,True,"EXPRESSIONTAG, CHROMOPHORE, ENGINEERED"
1MYW,True,ENGINEERED,True,"CLONINGARTIFACT, ENGINEERED, CHROMOPHORE"
4NDJ,False,,True,"INITIATINGMETHIONINE, SEEREMARK999, CHROMOPHORE, EXPRESSIONTAG"
5DPG,True,ENGINEEREDMUTATION,True,"INITIATINGMETHIONINE, ENGINEEREDMUTATION, CHROMOPHORE"
3SSV,True,"INSERTION, ENGINEEREDMUTATION",True,"INSERTION, CHROMOPHORE, ENGINEEREDMUTATION, EXPRESSIONTAG"
1F0B,True,ENGINEERED,True,"CHROMOPHORE, ENGINEERED"
5HGE,True,ENGINEEREDMUTATION,True,"CHROMOPHORE, ENGINEEREDMUTATION, EXPRESSIONTAG"
1JC1,True,ENGINEERED,True,"ENGINEERED, CHROMOPHORE"
2EMN,True,"INSERTION, ENGINEERED",True,"INSERTION, ENGINEERED, CHROMOPHORE, CLONINGARTIFACT"
1EMF,True,"ENGINEERED, CONFLICT",True,"ENGINEERED, CHROMOPHORE, CONFLICT"
5JZK,True,CONFLICT,True,"INITIATINGMETHIONINE, EXPRESSIONTAG, CONFLICT, CHROMOPHORE"
3GJ2,True,ENGINEERED,True,"EXPRESSIONTAG, CHROMOPHORE, ENGINEERED"
1F09,True,ENGINEERED,True,"CHROMOPHORE, ENGINEERED"
3V3D,True,ENGINEEREDMUTATION,True,"EXPRESSIONTAG, CHROMOPHORE, ENGINEEREDMUTATION"
1JC0,True,"CONFLICT, DELETION",True,"CONFLICT, DELETION"
4OGS,True,ENGINEEREDMUTATION,True,"CHROMOPHORE, ENGINEEREDMUTATION"
1B9C,True,ENGINEEREDMUTATION,True,"CHROMOPHORE, ENGINEEREDMUTATION"
2OKY,True,ENGINEERED,True,"SEEREMARK999, CHROMOPHORE, ENGINEERED"
1YFP,True,ENGINEERED,True,"CHROMOPHORE, ENGINEERED, CLONINGARTIFACT"
2AHA,True,ENGINEERED,True,"ENGINEERED, CHROMOPHORE"
5BT0,True,CONFLICT,True,"EXPRESSIONTAG, CONFLICT, CHROMOPHORE"
2YFP,True,CONFLICT,True,"CHROMOPHORE,SEEREMARK999, CONFLICT"
1EMM,True,ENGINEERED,True,"ENGINEERED, CHROMOPHORE, CLONINGARTIFACT"
1EMC,True,"ENGINEERED, CONFLICT",True,"ENGINEERED, CHROMOPHORE, CONFLICT"
1EML,True,"ENGINEERED, CONFLICT",True,"ENGINEERED, CHROMOPHORE, CLONINGARTIFACT, CONFLICT"
5BTT,True,CONFLICT,True,"EXPRESSIONTAG, CONFLICT, CHROMOPHORE"
3OGO,True,ENGINEERED,True,"EXPRESSIONTAG, ENGINEERED, CHROMOPHORE"
3K1K,True,ENGINEERED,True,"ENGINEERED, CHROMOPHORE"
1HUY,True,ENGINEERED,True,"SEEREMARK999, CHROMOPHORE, ENGINEERED, CLONINGARTIFACT"
2EMO,True,"INSERTION, ENGINEERED",True,"INSERTION, ENGINEERED, CHROMOPHORE, CLONINGARTIFACT"
3MIQ,True,ENGINEERED,True,"EXPRESSIONTAG, ENGINEERED, CHROMOPHORE"
1EME,True,"ENGINEERED, CONFLICT",True,"ENGINEERED, CHROMOPHORE, CONFLICT"
2AH8,True,ENGINEERED,True,"ENGINEERED, CHROMOPHORE"
1C4F,True,ENGINEERED,True,"CHROMOPHORE, ENGINEERED"
5DU0,True,"ENGINEEREDMUTATION, CONFLICT",True,"INITIATINGMETHIONINE, EXPRESSIONTAG, ENGINEEREDMUTATION, CONFLICT, CHROMOPHORE"
1RM9,True,CONFLICT,True,"CHROMOPHORE, CONFLICT"
1KP5,True,ENGINEERED,True,"EXPRESSIONTAG, ENGINEERED, CHROMOPHORE"
4LW5,True,"ENGINEEREDMUTATION, INSERTION",True,"EXPRESSIONTAG, ENGINEEREDMUTATION, CHROMOPHORE, INSERTION"
3VHT,False,,True,LINKER
1RMP,False,,True,CHROMOPHORE
4KW8,True,ENGINEEREDMUTATION,True,"EXPRESSIONTAG, SEEREMARK999, CHROMOPHOR,REM999, CHROMOPHORE, ENGINEEREDMUTATION"
5HZO,True,"CONFLICT, ENGINEEREDMUTATION",True,"CHROMOPHORE, CONFLICT, ENGINEEREDMUTATION"
5DPJ,True,ENGINEEREDMUTATION,True,"INITIATINGMETHIONINE, ENGINEEREDMUTATION, CHROMOPHORE"
5DPI,True,ENGINEEREDMUTATION,True,"INITIATINGMETHIONINE, ENGINEEREDMUTATION, CHROMOPHORE"
4JFG,True,ENGINEEREDMUTATION,True,"EXPRESSIONTAG, ENGINEEREDMUTATION"
1CV7,True,ENGINEERED,True,"ENGINEERED, CHROMOPHORE"
5DY6,True,"CONFLICT, ENGINEEREDMUTATION",True,"CONFLICT, CHROMOPHORE, ENGINEEREDMUTATION"
5HW9,True,ENGINEEREDMUTATION,True,"CHROMOPHORE, ENGINEEREDMUTATION, EXPRESSIONTAG"
5B61,False,,False,
2RH7,False,,True,"CHROMOPHORE, EXPRESSIONTAG"
2PSL,False,,True,"CHROMOPHORE, CLONINGARTIFACT, HISTAG"
2ARL,True,ENGINEERED,True,"EXPRESSIONTAG, SEEREMARK999, CHROMOPHORE, ENGINEERED"
1MOU,False,,True,"EXPRESSIONTAG, CHROMOPHORE"
1MOV,True,ENGINEERED,True,"EXPRESSIONTAG, CHROMOPHORE, ENGINEERED"
1GGX,False,,True,CHROMOPHORE
1G7K,True,INSERTION,True,"INSERTION, CHROMOPHORE"
2H8Q,True,ENGINEERED,True,"CHROMOPHORE, ENGINEERED"
1UIS,False,,True,"CLONINGARTIFACT, CHROMOPHORE"
3LVC,True,ENGINEERED,True,ENGINEERED
5DRF,False,,False,
5DRG,False,,False,
5DQB,False,,False,
5DQM,False,,False,
3LVA,True,ENGINEERED,True,ENGINEERED
3LVD,True,ENGINEERED,True,ENGINEERED
4ZIN,True,CONFLICT,True,"CHROMOPHORE, CONFLICT"
3NT3,False,,False,
3SVS,False,,False,
3SVN,False,,False,
3SVR,False,,False,
3SVO,False,,False,
3NT9,False,,False,
3SVU,False,,False,
2QLE,True,ENGINEEREDMUTATION,True,"CHROMOPHORE, ENGINEEREDMUTATION"
4RYS,False,,False,
2IB5,False,,True,"EXPRESSIONTAG, CHROMOPHORE"
2IB6,False,,True,"EXPRESSIONTAG, CHROMOPHORE"
3NED,True,ENGINEEREDMUTATION,True,"EXPRESSIONTAG, ENGINEEREDMUTATION, CHROMOPHORE"
2H5O,False,,False,
3LF3,False,,True,CHROMOPHORE
2QLI,True,ENGINEERED,True,ENGINEERED
1ZGO,False,,True,CHROMOPHORE
2H5P,False,,False,
2VAD,False,,False,
2VAE,False,,False,
2H5R,False,,False,
2H5Q,False,,False,
5LK4,False,,False,
3KCS,False,,False,
1ZGQ,False,,True,CHROMOPHORE
2QLH,True,ENGINEERED,True,ENGINEERED
1ZGP,True,ENGINEERED,True,"CHROMOPHORE, ENGINEERED"
3KCT,False,,False,
3NEZ,False,,True,"CHROMOPHORE, MICROHETEROGENEITY"
5H89,False,,False,
2V4E,False,,False,
5H88,False,,False,
5H87,False,,False,
2P4M,True,ENGINEERED,True,"SEEREMARK999, CHROMOPHORE, ENGINEERED"
3VIC,False,,True,"EXPRESSIONTAG, CHROMOPHORE"
3VK1,True,ENGINEEREDMUTATION,True,"EXPRESSIONTAG, CHROMOPHORE, ENGINEEREDMUTATION"
2VZX,True,CONFLICT,True,"CONFLICT, CHROMOPHORE"
2QLG,False,,True,CHROMOPHORE
4H3M,True,ENGINEEREDMUTATION,True,"EXPRESSIONTAG, ENGINEEREDMUTATION, CHROMOPHORE"
4H3L,True,ENGINEEREDMUTATION,True,"EXPRESSIONTAG, ENGINEEREDMUTATION, CHROMOPHORE"
4H3N,True,ENGINEEREDMUTATION,True,"EXPRESSIONTAG, CHROMOPHORE, ENGINEEREDMUTATION"
3NF0,True,ENGINEEREDMUTATION,True,"EXPRESSIONTAG, CHROMOPHORE, ENGINEEREDMUTATION"
3CGL,False,,True,EXPRESSIONTAG
5BQL,False,,False,
5J3N,True,ENGINEEREDMUTATION,True,"INITIATINGMETHIONINE, EXPRESSIONTAG, CHROMOPHORE, ENGINEEREDMUTATION, LINKER"
1YZW,False,,True,"SEEREMARK999, CHROMOPHORE"
2WUR,True,ENGINEEREDMUTATION,True,"ENGINEEREDMUTATION, CHROMOPHORE"
2WSO,True,CONFLICT,True,"CONFLICT, CHROMOPHORE"
2HQZ,True,ENGINEERED,True,"ENGINEERED, CHROMOPHORE"
2DUH,True,ENGINEERED,True,"CHROMOPHORE, ENGINEERED"
4AS8,True,ENGINEEREDMUTATION,True,"EXPRESSIONTAG, ENGINEEREDMUTATION, CHROMOPHORE, CLONINGARTIFACT"
2DUE,True,ENGINEERED,True,"CHROMOPHORE, ENGINEERED"
1YJF,True,"INSERTION, ENGINEERED",True,"INITIATINGMETHIONINE, INSERTION, CHROMOPHORE, ENGINEERED"
2WSN,True,CONFLICT,True,"CONFLICT, CHROMOPHORE"
2DUI,True,ENGINEERED,True,"CHROMOPHORE, ENGINEERED"
2Y0G,True,ENGINEEREDMUTATION,True,"EXPRESSIONTAG, ENGINEEREDMUTATION, CHROMOPHORE"
2DUG,True,ENGINEERED,True,"CHROMOPHORE, ENGINEERED"
2B3P,True,ENGINEERED,True,"ENGINEERED, CHROMOPHORE, EXPRESSIONTAG"
1YJ2,True,"INSERTION, ENGINEERED",True,"INITIATINGMETHIONINE, INSERTION, CHROMOPHORE, ENGINEERED"
4AR7,True,ENGINEEREDMUTATION,True,"EXPRESSIONTAG, ENGINEEREDMUTATION, CHROMOPHORE"
2DUF,True,ENGINEERED,True,"CHROMOPHORE, ENGINEERED"
3ZTF,True,ENGINEEREDMUTATION,True,"EXPRESSIONTAG, ENGINEEREDMUTATION, CHROMOPHORE"
4B5Y,True,ENGINEEREDMUTATION,True,"EXPRESSIONTAG, ENGINEEREDMUTATION, CHROMOPHORE, CLONINGARTIFACT"
2YE0,True,ENGINEEREDMUTATION,True,"EXPRESSIONTAG, ENGINEEREDMUTATION, CHROMOPHORE"
1Z1Q,True,ENGINEERED,True,"ENGINEERED, CHROMOPHORE"
1YHH,True,"INSERTION, ENGINEERED",True,"INITIATINGMETHIONINE, INSERTION, ENGINEERED"
1Z1P,True,ENGINEERED,True,"ENGINEERED, CHROMOPHORE"
2Q57,True,ENGINEERED,True,"EXPRESSIONTAG, ENGINEERED, CHROMOPHORE"
2YDZ,True,ENGINEEREDMUTATION,True,"EXPRESSIONTAG, ENGINEEREDMUTATION, CHROMOPHORE"
2YE1,True,ENGINEEREDMUTATION,True,"EXPRESSIONTAG, ENGINEEREDMUTATION, CHROMOPHORE"
1W7S,True,ENGINEEREDMUTATION,True,"ENGINEEREDMUTATION, CHROMOPHORE"
1W7T,True,ENGINEEREDMUTATION,True,"CHROMOPHORE, ENGINEEREDMUTATION"
1W7U,True,ENGINEEREDMUTATION,True,"CHROMOPHORE, ENGINEEREDMUTATION"
3ST3,False,,False,
2B3Q,True,ENGINEERED,True,"ENGINEERED, CHROMOPHORE, EXPRESSIONTAG"
3ST2,False,,False,
1YHI,True,"INSERTION, ENGINEERED",True,"INITIATINGMETHIONINE, INSERTION, ENGINEERED"
3ST4,False,,False,
3ED8,False,,True,"CHROMOPHORE,SEEREMARK999"
1YHG,True,"INSERTION, ENGINEERED",True,"INITIATINGMETHIONINE, INSERTION, ENGINEERED"
4BDU,True,ENGINEEREDMUTATION,True,"EXPRESSIONTAG, ENGINEEREDMUTATION, CHROMOPHORE, LINKER"
2WHT,False,,True,CHROMOPHORE
3IR8,False,,True,"EXPRESSIONTAG, CHROMOPHORE"
2WHS,False,,True,CHROMOPHORE
2WHU,False,,True,CHROMOPHORE
1XMZ,True,ENGINEERED,True,"EXPRESSIONTAG, CHROMOPHORE, ENGINEERED"
2C9I,False,,True,CHROMOPHORE
3PIB,False,,False,
3U0L,True,ENGINEEREDMUTATION,True,"EXPRESSIONTAG, CHROMOPHORE, ENGINEEREDMUTATION"
3E5T,True,ENGINEERED,True,"CHROMOPHORE, ENGINEERED"
3IP2,False,,False,
4EDS,False,,False,
3PJ5,False,,False,
3U0N,True,ENGINEEREDMUTATION,True,"EXPRESSIONTAG, CHROMOPHORE, ENGINEEREDMUTATION"
3E5W,True,ENGINEERED,True,"CHROMOPHORE, ENGINEERED"
3PJB,False,,False,
4EDO,False,,False,
3U0M,True,ENGINEEREDMUTATION,True,"EXPRESSIONTAG, CHROMOPHORE, ENGINEEREDMUTATION"
3BX9,False,,False,
4OJ0,True,"CONFLICT, ENGINEEREDMUTATION",True,"EXPRESSIONTAG, CONFLICT, CHROMOPHORE, ENGINEEREDMUTATION"
3PJ7,False,,False,
3BXA,False,,False,
3H1O,False,,False,
4OQW,True,CONFLICT,True,"EXPRESSIONTAG, CONFLICT, CHROMOPHORE"
3E5V,True,ENGINEERED,True,"CHROMOPHORE, ENGINEERED"
3H1R,False,,False,
3BXC,False,,False,
3BXB,False,,False,
5OXC,True,"INSERTION, ENGINEEREDMUTATION, CONFLICT",True,"INSERTION, ENGINEEREDMUTATION, CHROMOPHORE, CONFLICT"
1GL4,False,,False,
1H4U,False,,False,
5LTR,False,,False,
4HVF,True,ENGINEEREDMUTATION,True,"EXPRESSIONTAG, ENGINEEREDMUTATION, CHROMOPHORE"
4JGE,True,ENGINEEREDMUTATION,True,"EXPRESSIONTAG, ENGINEEREDMUTATION, CHROMOPHORE"
5LTP,False,,False,
4JEO,True,ENGINEEREDMUTATION,True,"EXPRESSIONTAG, ENGINEEREDMUTATION, CHROMOPHORE"
4JF9,True,ENGINEEREDMUTATION,True,"EXPRESSIONTAG, ENGINEEREDMUTATION, CHROMOPHORE"
5LTQ,False,,True,"INITIATINGMETHIONINE, EXPRESSIONTAG, CHROMOPHORE, VARIANT"
2A46,False,,True,"EXPRESSIONTAG, CHROMOPHORE"
2A47,True,ENGINEERED,True,"EXPRESSIONTAG, CLONINGARTIFACT, CHROMOPHORE, ENGINEERED"
2A48,True,ENGINEERED,True,"EXPRESSIONTAG, CHROMOPHORE, ENGINEERED"
2WIQ,False,,True,CHROMOPHORE
4B30,True,ENGINEEREDMUTATION,True,"ENGINEEREDMUTATION, CHROMOPHORE"
3GB3,False,,False,
3GL4,False,,True,CHROMOPHORE
2WIS,False,,True,CHROMOPHORE
4DKN,True,CONFLICT,True,"EXPRESSIONTAG, CHROMOPHORE, CONFLICT"
4DKM,True,CONFLICT,True,"CHROMOPHORE, CONFLICT"
2C9J,False,,True,CHROMOPHORE
2DD7,False,,True,CHROMOPHORE
2DD9,True,ENGINEERED,True,"ENGINEERED, CHROMOPHORE"
4Q9W,True,ENGINEEREDMUTATION,True,"EXPRESSIONTAG, ENGINEEREDMUTATION, CHROMOPHORE"
2HQK,True,ENGINEEREDMUTATION,True,"ENGINEEREDMUTATION, CHROMOPHORE"
4R6D,True,ENGINEEREDMUTATION,True,"EXPRESSIONTAG, ENGINEEREDMUTATION, CHROMOPHORE"
2OTE,True,ENGINEEREDMUTATION,True,"ENGINEEREDMUTATION, CHROMOPHORE"
4Q9X,True,ENGINEEREDMUTATION,True,"EXPRESSIONTAG, ENGINEEREDMUTATION, CHROMOPHORE"
2OTB,True,ENGINEEREDMUTATION,True,"ENGINEEREDMUTATION, CHROMOPHORE"
4Q7U,True,ENGINEEREDMUTATION,True,"EXPRESSIONTAG, ENGINEEREDMUTATION, CHROMOPHORE"
4Q7R,True,ENGINEEREDMUTATION,True,"EXPRESSIONTAG, ENGINEEREDMUTATION, CHROMOPHORE"
5FHV,False,,False,
4Q7T,True,ENGINEEREDMUTATION,True,"EXPRESSIONTAG, ENGINEEREDMUTATION, CHROMOPHORE"
5EXB,False,,True,"INITIATINGMETHIONINE, EXPRESSIONTAG, CHROMOPHORE"
2Z1O,False,,True,EXPRESSIONTAG
2GX2,False,,True,"EXPRESSIONTAG, CHROMOPHORE"
2Z6Z,False,,True,EXPRESSIONTAG
2GX0,False,,True,"EXPRESSIONTAG, CHROMOPHORE"
2POX,False,,True,"EXPRESSIONTAG, CHROMOPHORE"
4EMQ,True,ENGINEEREDMUTATION,True,"EXPRESSIONTAG, CHROMOPHORE, ENGINEEREDMUTATION"
2Z6Y,False,,True,EXPRESSIONTAG
2IE2,False,,True,CHROMOPHORE
3ZUF,True,CONFLICT,True,"CONFLICT, CHROMOPHORE"
2IOV,False,,True,"CLONINGARTIFACT, CHROMOPHORE"
3ZUJ,True,CONFLICT,True,"CONFLICT, CHROMOPHORE"
3ZUL,True,CONFLICT,True,"CONFLICT, CHROMOPHORE"
5HZU,False,,True,CHROMOPHORE
4UTS,True,ENGINEEREDMUTATION,True,"CHROMOPHORE, ENGINEEREDMUTATION"
5HZS,False,,True,CHROMOPHORE
5HZT,False,,True,CHROMOPHORE
4OHS,False,,False,
2DDD,True,ENGINEEREDMUTATION,True,"ENGINEEREDMUTATION, CHROMOPHORE"
1XSS,True,CONFLICT,True,"CONFLICT, CHROMOPHORE"
2DDC,True,ENGINEERED,True,"ENGINEERED, CHROMOPHORE"
4P76,True,ENGINEEREDMUTATION,True,"CLONINGARTIFACT, CHROMOPHORE, ENGINEEREDMUTATION"
2EJH,False,,False,
2ZO6,False,,False,
2EJI,False,,False,
2ZO7,False,,False,
2EJO,False,,True,EXPRESSIONTAG
2ZMU,False,,True,"CHROMOPHORE, EXPRESSIONTAG"
2EJP,False,,True,EXPRESSIONTAG
2ZMW,False,,True,"CHROMOPHORE, EXPRESSIONTAG"
2VVH,True,ENGINEEREDMUTATION,True,"ENGINEEREDMUTATION, CHROMOPHORE"
3TMR,True,ENGINEEREDMUTATION,True,"EXPRESSIONTAG, CHROMOPHORE, ENGINEEREDMUTATION"
5OQ9,True,ENGINEEREDMUTATION,True,"ENGINEEREDMUTATION, CHROMOPHORE"
5OQA,True,ENGINEEREDMUTATION,True,"ENGINEEREDMUTATION, CHROMOPHORE"
2VVJ,True,ENGINEEREDMUTATION,True,"CHROMOPHORE, ENGINEEREDMUTATION"
2VVI,True,ENGINEEREDMUTATION,True,"ENGINEEREDMUTATION, CHROMOPHORE"
2BTJ,False,,True,CHROMOPHORE
3S05,True,ENGINEEREDMUTATION,True,"ENGINEEREDMUTATION, CHROMOPHORE"
4LJC,True,ENGINEEREDMUTATION,True,"EXPRESSIONTAG, CHROMOPHORE, ENGINEEREDMUTATION"
1ZUX,False,,True,CHROMOPHORE
5FVG,True,CONFLICT,True,"EXPRESSIONTAG, CHROMOPHORE, CONFLICT"
5OOZ,True,ENGINEEREDMUTATION,True,"ENGINEEREDMUTATION, CHROMOPHORE"
5OQE,True,"ENGINEEREDMUTATION, DELETION",True,"ENGINEEREDMUTATION, DELETION, CHROMOPHORE"
3P8U,True,ENGINEEREDMUTATION,True,"EXPRESSIONTAG, CHROMOPHORE, ENGINEEREDMUTATION"
4R6B,True,ENGINEEREDMUTATION,True,"EXPRESSIONTAG, CHROMOPHORE, ENGINEEREDMUTATION"
3TMT,True,ENGINEEREDMUTATION,True,"EXPRESSIONTAG, CHROMOPHORE, ENGINEEREDMUTATION"
4LJD,True,ENGINEEREDMUTATION,True,"EXPRESSIONTAG, CHROMOPHORE, ENGINEEREDMUTATION"
4LJB,True,ENGINEEREDMUTATION,True,"EXPRESSIONTAG, CHROMOPHORE, ENGINEEREDMUTATION"
5FVI,True,CONFLICT,True,"EXPRESSIONTAG, CHROMOPHORE, CONFLICT"
5DTL,True,ENGINEEREDMUTATION,True,"ENGINEEREDMUTATION, CHROMOPHORE"
5FVF,True,CONFLICT,True,"EXPRESSIONTAG, CHROMOPHORE, CONFLICT"
4HE4,False,,True,"EXPRESSIONTAG, CHROMOPHORE, SEEREMARK999"
2G6Y,True,ENGINEERED,True,"CLONINGARTIFACT, ENGINEERED, CHROMOPHORE"
2G6X,True,ENGINEERED,True,"CLONINGARTIFACT, ENGINEERED, CHROMOPHORE"
2G3O,False,,True,CHROMOPHORE
4ZB1,False,,False,
2GW3,False,,True,"EXPRESSIONTAG, CHROMOPHORE"
3MGF,False,,True,"EXPRESSIONTAG, CHROMOPHORE"
2ICR,True,ENGINEERED,True,"EXPRESSIONTAG, ENGINEERED, CHROMOPHORE"
2OGR,False,,True,"MODIFIEDRESIDUE, CHROMOPHORE"
2FL1,True,ENGINEERED,True,"ENGINEERED, SEEREMARK999"
1XA9,False,,True,CHROMOPHORE
2PXS,False,,True,CHROMOPHORE
2OJK,False,,True,CHROMOPHORE
1XAE,False,,True,CHROMOPHORE
5Y8R,True,ENGINEEREDMUTATION,True,"EXPRESSIONTAG, CHROMOPHORE, ENGINEEREDMUTATION"
2PXW,False,,True,CHROMOPHORE
5Y8Q,True,ENGINEEREDMUTATION,True,"EXPRESSIONTAG, CHROMOPHORE, ENGINEEREDMUTATION"
1C8Z,True,CONFLICT,True,CONFLICT
1I7E,True,CONFLICT,True,"CLONINGARTIFACT, CONFLICT"
2FIM,False,,True,EXPRESSIONTAG
3C5N,False,,False,
1S31,True,CONFLICT,True,CONFLICT
2Q4M,False,,True,MODIFIEDRESIDUE
1ZXU,False,,True,MODIFIEDRESIDUE
1TWF,False,,False,
1I50,False,,False,
1K83,False,,False,
1I3Q,False,,False,
1TWC,False,,False,
1TWA,False,,False,
1TWH,False,,False,
1I6H,False,,False,
1TWG,False,,False,
2NVY,False,,False,
2E2I,False,,False,
2NVT,False,,False,
2E2J,False,,False,
2VUM,False,,False,
2NVX,False,,False,
2B63,False,,False,
2YU9,False,,False,
2JA5,False,,False,
2JA7,False,,False,
2R92,False,,False,
2JA8,False,,False,
2R7Z,False,,False,
2R93,False,,False,
2JA6,False,,False,
2E2H,False,,False,
2NVZ,False,,False,
2B8K,False,,True,EXPRESSIONTAG
3S14,False,,False,
4C2M,False,,False,
4C3H,True,CONFLICT,True,CONFLICT
4C3I,True,CONFLICT,True,CONFLICT
1YNJ,False,,False,
1YNN,False,,False,
1I6V,True,"CONFLICT, DELETION",True,"CONFLICT, DELETION"
2GHO,False,,True,LINKER
4G7H,False,,True,EXPRESSIONTAG
1SMY,False,,False,
4G7O,False,,True,EXPRESSIONTAG
1IW7,False,,False,
4OIO,False,,True,EXPRESSIONTAG
5TMC,True,CONFLICT,True,CONFLICT
4Q4Z,False,,False,
4Q5S,False,,False,
2CW0,False,,False,
3CQZ,False,,False,
3M3Y,False,,False,
2NVQ,False,,False,
3S1N,False,,False,
3S1M,False,,False,
3RZO,False,,False,
2O5I,False,,False,
2O5J,False,,False,
2PPB,False,,False,
3DXJ,False,,True,VARIANT
2A6H,False,,False,
2BE5,False,,False,
2A68,False,,False,
2A69,False,,False,
3EQL,False,,False,
2A6E,False,,False,
5TMF,True,CONFLICT,True,CONFLICT
1ZYR,False,,False,
1VKY,False,,True,LEADERSEQUENCE
1WDI,False,,False,
1XQB,True,ENGINEERED,True,"MODIFIEDRESIDUE, ENGINEERED, CLONINGARTIFACT, EXPRESSIONTAG"
